level,hp,mp,cp
1,104.0,40.0,93.6
2,119.47,47.28,107.523
3,135.11,54.64,121.599
4,150.92,62.08,135.828
5,166.9,69.6,150.21
6,183.05,77.2,164.745
7,199.37,84.88,179.433
8,215.86,92.64,194.274
9,232.52,100.48,209.268
10,249.35,108.4,224.415
11,266.35,116.4,239.715
12,283.52,124.48,255.168
13,300.86,132.64,270.774
14,318.37,140.88,286.533
15,336.05,149.2,302.445
16,353.9,157.6,318.51
17,371.92,166.08,334.728
18,390.11,174.64,351.099
19,408.47,183.28,367.623
20,427.0,192.0,384.3
21,462.2,205.2,415.98
22,497.72,218.52,447.948
23,533.56,231.96,480.204
24,569.72,245.52,512.748
25,606.2,259.2,545.58
26,643.0,273.0,578.7
27,680.12,286.92,612.108
28,717.56,300.96,645.804
29,755.32,315.12,679.788
30,793.4,329.4,714.06
31,831.8,343.8,748.62
32,870.52,358.32,783.468
33,909.56,372.96,818.604
34,948.92,387.72,854.028
35,988.6,402.6,889.74
36,1028.6,417.6,925.74
37,1068.92,432.72,962.028
38,1109.56,447.96,998.604
39,1150.52,463.32,1035.468
40,1191.8,478.8,1072.62
41,1246.4,504.8,1121.76
42,1301.42,531.0,1171.278
43,1356.86,557.4,1221.174
44,1412.72,584.0,1271.448
45,1469.0,610.8,1322.1
46,1525.7,637.8,1373.13
47,1582.82,665.0,1424.538
48,1640.36,692.4,1476.324
49,1698.32,720.0,1528.488
50,1756.7,747.8,1581.03
51,1815.5,775.8,1633.95
52,1874.72,804.0,1687.248
53,1934.36,832.4,1740.924
54,1994.42,861.0,1794.978
55,2054.9,889.8,1849.41
56,2115.8,918.8,1904.22
57,2177.12,948.0,1959.408
58,2238.86,977.4,2014.974
59,2301.02,1007.0,2070.918
60,2363.6,1036.8,2127.24
61,2426.6,1066.8,2183.94
62,2490.02,1097.0,2241.018
63,2553.86,1127.4,2298.474
64,2618.12,1158.0,2356.308
65,2682.8,1188.8,2414.52
66,2747.9,1219.8,2473.11
67,2813.42,1251.0,2532.078
68,2879.36,1282.4,2591.424
69,2945.72,1314.0,2651.148
70,3012.5,1345.8,2711.25
71,3079.7,1377.8,2771.73
72,3147.32,1410.0,2832.588
73,3215.36,1442.4,2893.824
74,3283.82,1475.0,2955.438
75,3352.7,1507.8,3017.43
76,3422.0,1540.8,3079.8
77,3491.72,1574.0,3142.548
78,3561.86,1607.4,3205.674
79,3632.42,1641.0,3269.178
80,3703.4,1674.8,3333.06
81,3774.8,1708.8,3397.32
82,3846.62,1743.0,3461.958
83,3918.86,1777.4,3526.974
84,3991.52,1812.0,3592.368
85,4064.6,1846.8,3658.14
